Code;Identification;Code de l'instrument lié;Ident. de l'instrument lié;Valeur nominale;Unité;Désignation;Type de relation;Commentaire;Étalonné;Groupe;N° de voie
PLAST-60;CASS0155;PLAST-60;CASS0166;;;;;;1;/;
PLAST-60;CASS0198;PLAST-60;CASS0160;;;;;;1;/;
PLAST-60;CASS0198;PLAST-60;CASS0161;;;;;;1;/;
PLAST-60;CASS0199;PLAST-60;CASS0160;;;;Non spécifié;;1;/;
PLAST-60;CASS0199;PLAST-60;CASS0161;;;;Non spécifié;;1;/;
PLAST-60;CASS0200;PLAST-60;CASS0160;;;;Non spécifié;;1;/;
PLAST-60;CASS0200;PLAST-60;CASS0161;;;;Non spécifié;;1;/;
PLAST-60;CASS0201;PLAST-60;CASS0160;;;;Non spécifié;;1;/;
PLAST-60;CASS0201;PLAST-60;CASS0161;;;;Non spécifié;;1;/;
PLAST-60;CASS0202;PLAST-60;CASS0160;;;;Non spécifié;;1;/;
PLAST-60;CASS0202;PLAST-60;CASS0161;;;;Non spécifié;;1;/;
PLAST-60;CASS0203;PLAST-60;CASS0160;;;;Non spécifié;;1;/;
PLAST-60;CASS0203;PLAST-60;CASS0161;;;;Non spécifié;;1;/;
PLAST-60;CCAL0083;PLAST-60;CCAL0210;;;;;;1;/;
PLAST-60;CCAL0083;PLAST-60;CCAL0311;;;;;;1;/;
PLAST-60;CCAL0084;PLAST-60;CCAL0210;;;;;;1;/;
PLAST-60;CCAL0084;PLAST-60;CCAL0310;;;;;;1;/;
PLAST-60;CCAL0469;PLAST-60;CLAB0067;;;;Non spécifié;;1;/;
PLAST-60;CCAL0469;PLAST-60;CLAB0208;;;;Non spécifié;;1;/;
PLAST-60;CCAL0470;PLAST-60;CLAB0067;;;;Non spécifié;;1;/;
PLAST-60;CCAL0470;PLAST-60;CLAB0208;;;;Non spécifié;;1;/;
PLAST-60;CCAL0471;PLAST-60;CLAB0067;;;;Non spécifié;;1;/;
PLAST-60;CCAL0471;PLAST-60;CLAB0208;;;;Non spécifié;;1;/;
PLAST-60;CCAL0472;PLAST-60;CLAB0067;;;;Non spécifié;;1;/;
PLAST-60;CCAL0472;PLAST-60;CLAB0208;;;;Non spécifié;;1;/;
PLAST-60;CCAL0473;PLAST-60;CLAB0067;;;;Non spécifié;;1;/;
PLAST-60;CCAL0473;PLAST-60;CLAB0208;;;;Non spécifié;;1;/;
PLAST-60;CCAL0474;PLAST-60;CLAB0067;;;;Non spécifié;;1;/;
PLAST-60;CCAL0474;PLAST-60;CLAB0208;;;;Non spécifié;;1;/;
PLAST-60;CCAL0475;PLAST-60;CLAB0067;;;;Non spécifié;;1;/;
PLAST-60;CCAL0475;PLAST-60;CLAB0208;;;;Non spécifié;;1;/;
PLAST-60;CCAL0476;PLAST-60;CLAB0067;;;;Non spécifié;;1;/;
PLAST-60;CCAL0476;PLAST-60;CLAB0208;;;;Non spécifié;;1;/;
PLAST-60;CCAL0477;PLAST-60;CLAB0067;;;;Non spécifié;;1;/;
PLAST-60;CCAL0477;PLAST-60;CLAB0208;;;;Non spécifié;;1;/;
PLAST-60;CCAL0478;PLAST-60;CLAB0067;;;;Non spécifié;;1;/;
PLAST-60;CCAL0478;PLAST-60;CLAB0208;;;;Non spécifié;;1;/;
PLAST-60;CCAL0479;PLAST-60;CLAB0067;;;;Non spécifié;;1;/;
PLAST-60;CCAL0479;PLAST-60;CLAB0208;;;;Non spécifié;;1;/;
PLAST-60;CCAL0480;PLAST-60;CLAB0067;;;;Non spécifié;;1;/;
PLAST-60;CCAL0480;PLAST-60;CLAB0208;;;;Non spécifié;;1;/;
PLAST-60;CCAL0481;PLAST-60;CLAB0067;;;;Non spécifié;;1;/;
PLAST-60;CCAL0481;PLAST-60;CLAB0208;;;;Non spécifié;;1;/;
PLAST-60;CCAL0482;PLAST-60;CLAB0067;;;;Non spécifié;;1;/;
PLAST-60;CCAL0482;PLAST-60;CLAB0208;;;;Non spécifié;;1;/;
PLAST-60;CCAL0483;PLAST-60;CLAB0067;;;;Non spécifié;;1;/;
PLAST-60;CCAL0483;PLAST-60;CLAB0208;;;;Non spécifié;;1;/;
PLAST-60;CCAL0484;PLAST-60;CLAB0067;;;;Non spécifié;;1;/;
PLAST-60;CCAL0484;PLAST-60;CLAB0208;;;;Non spécifié;;1;/;
PLAST-60;CCAL0485;PLAST-60;CLAB0067;;;;Non spécifié;;1;/;
PLAST-60;CCAL0485;PLAST-60;CLAB0208;;;;Non spécifié;;1;/;
PLAST-60;CCAL0486;PLAST-60;CLAB0067;;;;Non spécifié;;1;/;
PLAST-60;CCAL0486;PLAST-60;CLAB0208;;;;Non spécifié;;1;/;
PLAST-60;CCAL0487;PLAST-60;CLAB0067;;;;Non spécifié;;1;/;
PLAST-60;CCAL0487;PLAST-60;CLAB0208;;;;Non spécifié;;1;/;
PLAST-60;CCAL0488;PLAST-60;CLAB0067;;;;Non spécifié;;1;/;
PLAST-60;CCAL0488;PLAST-60;CLAB0208;;;;Non spécifié;;1;/;
PLAST-60;CCAL0489;PLAST-60;CLAB0067;;;;Non spécifié;;1;/;
PLAST-60;CCAL0489;PLAST-60;CLAB0208;;;;Non spécifié;;1;/;
PLAST-60;CCAL0490;PLAST-60;CLAB0067;;;;Non spécifié;;1;/;
PLAST-60;CCAL0490;PLAST-60;CLAB0208;;;;Non spécifié;;1;/;
PLAST-60;CCAL0491;PLAST-60;CLAB0067;;;;Non spécifié;;1;/;
PLAST-60;CCAL0491;PLAST-60;CLAB0208;;;;Non spécifié;;1;/;
PLAST-60;CCAL0492;PLAST-60;CLAB0067;;;;Non spécifié;;1;/;
PLAST-60;CCAL0492;PLAST-60;CLAB0208;;;;Non spécifié;;1;/;
PLAST-60;CCAL0493;PLAST-60;CLAB0067;;;;Non spécifié;;1;/;
PLAST-60;CCAL0493;PLAST-60;CLAB0208;;;;Non spécifié;;1;/;
PLAST-60;CCAL0494;PLAST-60;CLAB0067;;;;Non spécifié;;1;/;
PLAST-60;CCAL0494;PLAST-60;CLAB0208;;;;Non spécifié;;1;/;
PLAST-60;CCAL0495;PLAST-60;CLAB0067;;;;Non spécifié;;1;/;
PLAST-60;CCAL0495;PLAST-60;CLAB0208;;;;Non spécifié;;1;/;
PLAST-60;CCAL0512;PLAST-60;CCAL0043;;;;Non spécifié;;1;/;
PLAST-60;CCAL0512;PLAST-60;CCAL0212;;;;Non spécifié;;1;/;
PLAST-60;CCAL0513;PLAST-60;CCAL0043;;;;Non spécifié;;1;/;
PLAST-60;CCAL0513;PLAST-60;CCAL0212;;;;Non spécifié;;1;/;
PLAST-60;CCAL0514;PLAST-60;CCAL0043;;;;Non spécifié;;1;/;
PLAST-60;CCAL0514;PLAST-60;CCAL0212;;;;Non spécifié;;1;/;
PLAST-60;CCAL0515;PLAST-60;CCAL0043;;;;Non spécifié;;1;/;
PLAST-60;CCAL0515;PLAST-60;CCAL0212;;;;Non spécifié;;1;/;
PLAST-60;CCAL0637;PLAST-60;CCAL0086;;;;;;1;/;
PLAST-60;CCAL0637;PLAST-60;CCAL0210;;;;;;1;/;
PLAST-60;CCAL0638;PLAST-60;CCAL0086;;;;;;1;/;
PLAST-60;CCAL0638;PLAST-60;CCAL0210;;;;;;1;/;
PLAST-60;CCAL0639;PLAST-60;CCAL0086;;;;;;1;/;
PLAST-60;CCAL0639;PLAST-60;CCAL0210;;;;;;1;/;
PLAST-60;CCAL0640;PLAST-60;CCAL0086;;;;Non spécifié;;1;/;
PLAST-60;CCAL0640;PLAST-60;CCAL0210;;;;Non spécifié;;1;/;
PLAST-60;CCAL0641;PLAST-60;CCAL0210;;;;Non spécifié;;1;/;
PLAST-60;CCAL0641;PLAST-60;CCAL0310;;;;Non spécifié;;1;/;
PLAST-60;CCAL0643;PLAST-60;CCAL0210;;;;Non spécifié;;1;/;
PLAST-60;CCAL0643;PLAST-60;CCAL0310;;;;Non spécifié;;1;/;
PLAST-60;CCAL0644;PLAST-60;CCAL0210;;;;Non spécifié;;1;/;
PLAST-60;CCAL0644;PLAST-60;CCAL0311;;;;Non spécifié;;1;/;
PLAST-60;CCAL0645;PLAST-60;CCAL0210;;;;Non spécifié;;1;/;
PLAST-60;CCAL0645;PLAST-60;CCAL0311;;;;Non spécifié;;1;/;
PLAST-60;CCAL0646;PLAST-60;CCAL0210;;;;Non spécifié;;1;/;
PLAST-60;CCAL0646;PLAST-60;CCAL0311;;;;Non spécifié;;1;/;
PLAST-60;CCOM0007;PLAST-60;CLAB0314;;;;;;1;/;
PLAST-60;CCOM0007;PLAST-60;CLAB0315;;;;;;1;/;
PLAST-60;CCOM0007;PLAST-60;CLAB0316;;;;;;1;/;
PLAST-60;CCOM0007;PLAST-60;CLAB0317;;;;;;1;/;
PLAST-60;CCOM0007;PLAST-60;CLAB0318;;;;;;1;/;
PLAST-60;CCOM0007;PLAST-60;CLAB0319;;;;;;1;/;
PLAST-60;CCOM0007;PLAST-60;CLAB0320;;;;;;1;/;
PLAST-60;CCOM0008;PLAST-60;CLAB0314;;;;;;1;/;
PLAST-60;CCOM0008;PLAST-60;CLAB0315;;;;;;1;/;
PLAST-60;CCOM0008;PLAST-60;CLAB0316;;;;;;1;/;
PLAST-60;CCOM0008;PLAST-60;CLAB0317;;;;;;1;/;
PLAST-60;CCOM0008;PLAST-60;CLAB0318;;;;;;1;/;
PLAST-60;CCOM0008;PLAST-60;CLAB0319;;;;;;1;/;
PLAST-60;CCOM0008;PLAST-60;CLAB0320;;;;;;1;/;
PLAST-60;CCOM0009;PLAST-60;CLAB0314;;;;;;1;/;
PLAST-60;CCOM0009;PLAST-60;CLAB0315;;;;;;1;/;
PLAST-60;CCOM0009;PLAST-60;CLAB0316;;;;;;1;/;
PLAST-60;CCOM0009;PLAST-60;CLAB0317;;;;;;1;/;
PLAST-60;CCOM0009;PLAST-60;CLAB0318;;;;;;1;/;
PLAST-60;CCOM0009;PLAST-60;CLAB0319;;;;;;1;/;
PLAST-60;CCOM0009;PLAST-60;CLAB0320;;;;;;1;/;
PLAST-60;CCOM0010;PLAST-60;CLAB0314;;;;;;1;/;
PLAST-60;CCOM0010;PLAST-60;CLAB0315;;;;;;1;/;
PLAST-60;CCOM0010;PLAST-60;CLAB0316;;;;;;1;/;
PLAST-60;CCOM0010;PLAST-60;CLAB0317;;;;;;1;/;
PLAST-60;CCOM0010;PLAST-60;CLAB0318;;;;;;1;/;
PLAST-60;CCOM0010;PLAST-60;CLAB0319;;;;;;1;/;
PLAST-60;CCOM0010;PLAST-60;CLAB0320;;;;;;1;/;
PLAST-60;CCOM0011;PLAST-60;CLAB0314;;;;;;1;/;
PLAST-60;CCOM0011;PLAST-60;CLAB0315;;;;;;1;/;
PLAST-60;CCOM0011;PLAST-60;CLAB0316;;;;;;1;/;
PLAST-60;CCOM0011;PLAST-60;CLAB0317;;;;;;1;/;
PLAST-60;CCOM0011;PLAST-60;CLAB0318;;;;;;1;/;
PLAST-60;CCOM0011;PLAST-60;CLAB0319;;;;;;1;/;
PLAST-60;CCOM0011;PLAST-60;CLAB0320;;;;;;1;/;
PLAST-60;CCOM0012;PLAST-60;CLAB0314;;;;;;1;/;
PLAST-60;CCOM0012;PLAST-60;CLAB0315;;;;;;1;/;
PLAST-60;CCOM0012;PLAST-60;CLAB0316;;;;;;1;/;
PLAST-60;CCOM0012;PLAST-60;CLAB0317;;;;;;1;/;
PLAST-60;CCOM0012;PLAST-60;CLAB0318;;;;;;1;/;
PLAST-60;CCOM0012;PLAST-60;CLAB0319;;;;;;1;/;
PLAST-60;CCOM0012;PLAST-60;CLAB0320;;;;;;1;/;
PLAST-60;CCOM0013;PLAST-60;CLAB0314;;;;;;1;/;
PLAST-60;CCOM0013;PLAST-60;CLAB0315;;;;;;1;/;
PLAST-60;CCOM0013;PLAST-60;CLAB0316;;;;;;1;/;
PLAST-60;CCOM0013;PLAST-60;CLAB0317;;;;;;1;/;
PLAST-60;CCOM0013;PLAST-60;CLAB0318;;;;;;1;/;
PLAST-60;CCOM0013;PLAST-60;CLAB0319;;;;;;1;/;
PLAST-60;CCOM0013;PLAST-60;CLAB0320;;;;;;1;/;
PLAST-60;CCOM0014;PLAST-60;CLAB0314;;;;;;1;/;
PLAST-60;CCOM0014;PLAST-60;CLAB0315;;;;;;1;/;
PLAST-60;CCOM0014;PLAST-60;CLAB0316;;;;;;1;/;
PLAST-60;CCOM0014;PLAST-60;CLAB0317;;;;;;1;/;
PLAST-60;CCOM0014;PLAST-60;CLAB0318;;;;;;1;/;
PLAST-60;CCOM0014;PLAST-60;CLAB0319;;;;;;1;/;
PLAST-60;CCOM0014;PLAST-60;CLAB0320;;;;;;1;/;
PLAST-60;CCOM0015;PLAST-60;CLAB0314;;;;;;1;/;
PLAST-60;CCOM0015;PLAST-60;CLAB0315;;;;;;1;/;
PLAST-60;CCOM0015;PLAST-60;CLAB0316;;;;;;1;/;
PLAST-60;CCOM0015;PLAST-60;CLAB0317;;;;;;1;/;
PLAST-60;CCOM0015;PLAST-60;CLAB0318;;;;;;1;/;
PLAST-60;CCOM0015;PLAST-60;CLAB0319;;;;;;1;/;
PLAST-60;CCOM0015;PLAST-60;CLAB0320;;;;;;1;/;
PLAST-60;CCOM0016;PLAST-60;CLAB0314;;;;;;1;/;
PLAST-60;CCOM0016;PLAST-60;CLAB0315;;;;;;1;/;
PLAST-60;CCOM0016;PLAST-60;CLAB0316;;;;;;1;/;
PLAST-60;CCOM0016;PLAST-60;CLAB0317;;;;;;1;/;
PLAST-60;CCOM0016;PLAST-60;CLAB0318;;;;;;1;/;
PLAST-60;CCOM0016;PLAST-60;CLAB0319;;;;;;1;/;
PLAST-60;CCOM0016;PLAST-60;CLAB0320;;;;;;1;/;
PLAST-60;CCOM0017;PLAST-60;CLAB0314;;;;;;1;/;
PLAST-60;CCOM0017;PLAST-60;CLAB0315;;;;;;1;/;
PLAST-60;CCOM0017;PLAST-60;CLAB0316;;;;;;1;/;
PLAST-60;CCOM0017;PLAST-60;CLAB0317;;;;;;1;/;
PLAST-60;CCOM0017;PLAST-60;CLAB0318;;;;;;1;/;
PLAST-60;CCOM0017;PLAST-60;CLAB0319;;;;;;1;/;
PLAST-60;CCOM0017;PLAST-60;CLAB0320;;;;;;1;/;
PLAST-60;CCOM0018;PLAST-60;CLAB0314;;;;;;1;/;
PLAST-60;CCOM0018;PLAST-60;CLAB0315;;;;;;1;/;
PLAST-60;CCOM0018;PLAST-60;CLAB0316;;;;;;1;/;
PLAST-60;CCOM0018;PLAST-60;CLAB0317;;;;;;1;/;
PLAST-60;CCOM0018;PLAST-60;CLAB0318;;;;;;1;/;
PLAST-60;CCOM0018;PLAST-60;CLAB0319;;;;;;1;/;
PLAST-60;CCOM0018;PLAST-60;CLAB0320;;;;;;1;/;
PLAST-60;CCOM0020;PLAST-60;CLAB0444;;;;;;1;/;
PLAST-60;CCOM0020;PLAST-60;CLAB1023;;;;;;1;/;
PLAST-60;CCOM0021;PLAST-60;CLAB0444;;;;;;1;/;
PLAST-60;CCOM0021;PLAST-60;CLAB1023;;;;;;1;/;
PLAST-60;CCOM0071;PLAST-60;CLAB0321;;;;;;1;/;
PLAST-60;CCOM0072;PLAST-60;CLAB0321;;;;;;1;/;
PLAST-60;CCOM0073;PLAST-60;CLAB0321;;;;;;1;/;
PLAST-60;CCOM0074;PLAST-60;CLAB0321;;;;;;1;/;
PLAST-60;CCOM0086;PLAST-60;CLAB0321;;;;Non spécifié;;1;/;
PLAST-60;CEPE0014;PLAST-60;CLAB0068;;;;;;1;/;
PLAST-60;CEPE0014;PLAST-60;CLAB0174;;;;;;1;/;
PLAST-60;CEPE0023;PLAST-60;CLAB0019;;;;;;1;/;
PLAST-60;CEPE0023;PLAST-60;CLAB0068;;;;;;1;/;
PLAST-60;CEPE0024;PLAST-60;CLAB0068;;;;;;1;/;
PLAST-60;CEPE0024;PLAST-60;CLAB0453;;;;;;1;/;
PLAST-60;CEPE0028;PLAST-60;CLAB0068;;;;;;1;/;
PLAST-60;CEPE0028;PLAST-60;CLAB0147;;;;;;1;/;
PLAST-60;CEPE0064;PLAST-60;CLAB0068;;;;Non spécifié;;1;/;
PLAST-60;CEPE0064;PLAST-60;CLAB0147;;;;Non spécifié;;1;/;
PLAST-60;CEPE0065;PLAST-60;CLAB0068;;;;Non spécifié;;1;/;
PLAST-60;CEPE0065;PLAST-60;CLAB0147;;;;Non spécifié;;1;/;
PLAST-60;CEPE0069;PLAST-60;CLAB0150;;;;;;1;/;
PLAST-60;CEPE0069;PLAST-60;CLAB0163;;;;;;1;/;
PLAST-60;CEPE0079;PLAST-60;CLAB0150;;;;;;1;/;
PLAST-60;CEPE0079;PLAST-60;CLAB0163;;;;;;1;/;
PLAST-60;CEPE0080;PLAST-60;CLAB0167;;;;;;1;/;
PLAST-60;CEPE0080;PLAST-60;CLAB1022;;;;;;1;/;
PLAST-60;CEPE0309;PLAST-60;CLAB0068;;;;Non spécifié;;1;/;
PLAST-60;CEPE0309;PLAST-60;CLAB0078;;;;Non spécifié;;1;/;
PLAST-60;CEPE0310;PLAST-60;CLAB0068;;;;Non spécifié;;1;/;
PLAST-60;CEPE0310;PLAST-60;CLAB0078;;;;Non spécifié;;1;/;
PLAST-60;CFEP0007-D;PLAST-60;CFEP0047;;;;;;1;/;
PLAST-60;CFEP0008-E;PLAST-60;CFEP0047;;;;;;1;/;
PLAST-60;CFEP0009-D;PLAST-60;CFEP0046;;;;;;1;/;
PLAST-60;CFEP0010-E;PLAST-60;CFEP0046;;;;;;1;/;
PLAST-60;CFEP0024;PLAST-60;CLAB0015;;;;;;1;/;
PLAST-60;CFEP0024;PLAST-60;CLAB0285;;;;;;1;/;
PLAST-60;CFEP0033-E;PLAST-60;CFEP0048;;;;;;1;/;
PLAST-60;CFEP0034-D;PLAST-60;CFEP0048;;;;;;1;/;
PLAST-60;CFEP0039;PLAST-60;CLAB0146;;;;;;1;/;
PLAST-60;CFEP0039;PLAST-60;CLAB0164;;;;;;1;/;
PLAST-60;CFEP0040;PLAST-60;CLAB0146;;;;;;1;/;
PLAST-60;CFEP0040;PLAST-60;CLAB0164;;;;;;1;/;
PLAST-60;CFEP0049;PLAST-60;CLAB0062;;;;;;1;/;
PLAST-60;CFEP0049;PLAST-60;CLAB0170;;;;;;1;/;
PLAST-60;CFEP0126;PLAST-60;CLAB0068;;;;;;1;/;
PLAST-60;CFEP0126;PLAST-60;CLAB0078;;;;;;1;/;
PLAST-60;CFEP0128;PLAST-60;CLAB0068;;;;;;1;/;
PLAST-60;CFEP0128;PLAST-60;CLAB0078;;;;;;1;/;
PLAST-60;CFEP0140;PLAST-60;CLAB0150;;;;;;1;/;
PLAST-60;CFEP0140;PLAST-60;CLAB0152;;;;;;1;/;
PLAST-60;CFEP0142;PLAST-60;CLAB0145;;;;;;1;/;
PLAST-60;CFEP0142;PLAST-60;CLAB0167;;;;;;1;/;
PLAST-60;CFEP0143;PLAST-60;CLAB0167;;;;;;1;/;
PLAST-60;CFEP0143;PLAST-60;CLAB1022;;;;;;1;/;
PLAST-60;CFEP0144;PLAST-60;CLAB0243;;;;;;1;/;
PLAST-60;CFEP0145;PLAST-60;CLAB0243;;;;;;1;/;
PLAST-60;CFEP0150;PLAST-60;CLAB0251;;;;;;1;/;
PLAST-60;CFEP0150;PLAST-60;CLAB1018;;;;;;1;/;
PLAST-60;CFEP0153;PLAST-60;CLAB0062;;;;;;1;/;
PLAST-60;CFEP0153;PLAST-60;CLAB0086;;;;;;1;/;
PLAST-60;CFEP0154;PLAST-60;CLAB0062;;;;;;1;/;
PLAST-60;CFEP0154;PLAST-60;CLAB0086;;;;;;1;/;
PLAST-60;CFEP0155;PLAST-60;CLAB0062;;;;;;1;/;
PLAST-60;CFEP0155;PLAST-60;CLAB0086;;;;;;1;/;
PLAST-60;CFEP0157;PLAST-60;CLAB0076;;;;;;1;/;
PLAST-60;CFEP0157;PLAST-60;CLAB0150;;;;;;1;/;
PLAST-60;CFEP0158;PLAST-60;CLAB0076;;;;;;1;/;
PLAST-60;CFEP0158;PLAST-60;CLAB0150;;;;;;1;/;
PLAST-60;CFEP0159;PLAST-60;CLAB0145;;;;;;1;/;
PLAST-60;CFEP0159;PLAST-60;CLAB0283;;;;;;1;/;
PLAST-60;CFEP0160;PLAST-60;CLAB0283;;;;;;1;/;
PLAST-60;CFEP0160;PLAST-60;CLAB1022;;;;;;1;/;
PLAST-60;CFEP0161;PLAST-60;CLAB0283;;;;;;1;/;
PLAST-60;CFEP0161;PLAST-60;CLAB1022;;;;;;1;/;
PLAST-60;CFEP0162;PLAST-60;CLAB0338;;;;;;1;/;
PLAST-60;CFEP0162;PLAST-60;CLAB0357;;;;;;1;/;
PLAST-60;CFEP0163;PLAST-60;CLAB0338;;;;;;1;/;
PLAST-60;CFEP0163;PLAST-60;CLAB0357;;;;;;1;/;
PLAST-60;CFEP0164;PLAST-60;CLAB0123;;;;;;1;/;
PLAST-60;CFEP0164;PLAST-60;CLAB0140;;;;;;1;/;
PLAST-60;CFEP0183;PLAST-60;CLAB0077;;;;;;1;/;
PLAST-60;CFEP0183;PLAST-60;CLAB0164;;;;;;1;/;
PLAST-60;CFEP0184;PLAST-60;CLAB0077;;;;;;1;/;
PLAST-60;CFEP0184;PLAST-60;CLAB0164;;;;;;1;/;
PLAST-60;CFEP0199;PLAST-60;CLAB0076;;;;;;1;/;
PLAST-60;CFEP0199;PLAST-60;CLAB0150;;;;;;1;/;
PLAST-60;CFEP0221;PLAST-60;CFEP0048;;;;;;1;/;
PLAST-60;CFEP0222;PLAST-60;CFEP0048;;;;;;1;/;
PLAST-60;CFEP0233;PLAST-60;CFEP0293;;;;;;1;/;
PLAST-60;CFEP0234;PLAST-60;CFEP0282;;;;;;1;/;
PLAST-60;CFEP0235;PLAST-60;CFEP0290;;;;;;1;/;
PLAST-60;CFEP0236;PLAST-60;CFEP0294;;;;;;1;/;
PLAST-60;CFEP0237;PLAST-60;CFEP0284;;;;;;1;/;
PLAST-60;CFEP0239;PLAST-60;CFEP0288;;;;;;1;/;
PLAST-60;CFEP0240;PLAST-60;CFEP0302;;;;;;1;/;
PLAST-60;CFEP0241;PLAST-60;CFEP0295;;;;;;1;/;
PLAST-60;CFEP0242;PLAST-60;CFEP0289;;;;;;1;/;
PLAST-60;CFEP0243;PLAST-60;CFEP0296;;;;;;1;/;
PLAST-60;CFEP0245;PLAST-60;CFEP0292;;;;;;1;/;
PLAST-60;CFEP0246;PLAST-60;CFEP0291;;;;;;1;/;
PLAST-60;CFEP0247;PLAST-60;CFEP0283;;;;;;1;/;
PLAST-60;CFEP0248;PLAST-60;CFEP0287;;;;;;1;/;
PLAST-60;CFEP0257;PLAST-60;CLAB0150;;;;Non spécifié;;1;/;
PLAST-60;CFEP0257;PLAST-60;CLAB0163;;;;Non spécifié;;1;/;
PLAST-60;CFEP0258;PLAST-60;CLAB0150;;;;Non spécifié;;1;/;
PLAST-60;CFEP0258;PLAST-60;CLAB0163;;;;Non spécifié;;1;/;
PLAST-60;CFEP0259;PLAST-60;CLAB0253;;;;;;1;/;
PLAST-60;CFEP0260;PLAST-60;CLAB0056;;;;;;1;/;
PLAST-60;CFEP0260;PLAST-60;CLAB0080;;;;;;1;/;
PLAST-60;CFEP0261;PLAST-60;CLAB0056;;;;;;1;/;
PLAST-60;CFEP0261;PLAST-60;CLAB0080;;;;;;1;/;
PLAST-60;CFEP0262;PLAST-60;CLAB0311;;;;Non spécifié;;1;/;
PLAST-60;CFEP0263;PLAST-60;CLAB0311;;;;Non spécifié;;1;/;
PLAST-60;CFEP0264;PLAST-60;CLAB0283;;;;Non spécifié;;1;/;
PLAST-60;CFEP0264;PLAST-60;CLAB1022;;;;Non spécifié;;1;/;
PLAST-60;CFEP0266-D;PLAST-60;CLAB0311;;;;;;1;/;
PLAST-60;CFEP0267-D;PLAST-60;CLAB0311;;;;;;1;/;
PLAST-60;CFEP0268-E;PLAST-60;CLAB0311;;;;;;1;/;
PLAST-60;CFEP0269;PLAST-60;CLAB0167;;;;;;1;/;
PLAST-60;CFEP0269;PLAST-60;CLAB1022;;;;;;1;/;
PLAST-60;CFEP0271;PLAST-60;CLAB0253;;;;Non spécifié;;1;/;
PLAST-60;CFEP0272;PLAST-60;CFEP0272-D01;;;;;;1;/;
PLAST-60;CFEP0272;PLAST-60;CFEP0272-D02;;;;;;1;/;
PLAST-60;CFEP0272;PLAST-60;CFEP0272-D03;;;;;;1;/;
PLAST-60;CFEP0272;PLAST-60;CFEP0272-D04;;;;;;1;/;
PLAST-60;CFEP0272;PLAST-60;CFEP0272-D05;;;;;;1;/;
PLAST-60;CFEP0272;PLAST-60;CFEP0272-D06;;;;;;1;/;
PLAST-60;CFEP0272;PLAST-60;CFEP0272-D07;;;;;;1;/;
PLAST-60;CFEP0272;PLAST-60;CFEP0272-D08;;;;;;1;/;
PLAST-60;CFEP0272;PLAST-60;CFEP0272-D09;;;;;;1;/;
PLAST-60;CFEP0272;PLAST-60;CFEP0272-D10;;;;;;1;/;
PLAST-60;CFEP0272;PLAST-60;CFEP0272-D11;;;;;;1;/;
PLAST-60;CFEP0272;PLAST-60;CFEP0272-D12;;;;;;1;/;
PLAST-60;CFEP0272;PLAST-60;CFEP0272-D13;;;;;;1;/;
PLAST-60;CFEP0272;PLAST-60;CFEP0272-D14;;;;;;1;/;
PLAST-60;CFEP0272;PLAST-60;CFEP0272-D15;;;;;;1;/;
PLAST-60;CFEP0272;PLAST-60;CFEP0272-D16;;;;;;1;/;
PLAST-60;CFEP0272;PLAST-60;CFEP0272-D17;;;;;;1;/;
PLAST-60;CFEP0272;PLAST-60;CFEP0272-D18;;;;;;1;/;
PLAST-60;CFEP0272;PLAST-60;CFEP0272-D19;;;;;;1;/;
PLAST-60;CFEP0272;PLAST-60;CFEP0272-D20;;;;;;1;/;
PLAST-60;CFEP0272;PLAST-60;CFEP0272-D21;;;;;;1;/;
PLAST-60;CFEP0272;PLAST-60;CFEP0272-D22;;;;;;1;/;
PLAST-60;CFEP0272;PLAST-60;CFEP0272-D23;;;;;;1;/;
PLAST-60;CFEP0272;PLAST-60;CFEP0272-D24;;;;;;1;/;
PLAST-60;CFEP0272;PLAST-60;CFEP0272-D25;;;;;;1;/;
PLAST-60;CFEP0272;PLAST-60;CFEP0272-D26;;;;;;1;/;
PLAST-60;CFEP0272;PLAST-60;CFEP0272-D27;;;;;;1;/;
PLAST-60;CFEP0272;PLAST-60;CFEP0272-D28;;;;;;1;/;
PLAST-60;CFEP0272;PLAST-60;CFEP0272-D29;;;;;;1;/;
PLAST-60;CFEP0272;PLAST-60;CFEP0272-D30;;;;;;1;/;
PLAST-60;CFEP0272;PLAST-60;CFEP0272-P01;;;;;;1;/;
PLAST-60;CFEP0272;PLAST-60;CFEP0272-P02;;;;;;1;/;
PLAST-60;CFEP0272;PLAST-60;CFEP0272-P03;;;;;;1;/;
PLAST-60;CFEP0272;PLAST-60;CFEP0272-P04;;;;;;1;/;
PLAST-60;CFEP0272;PLAST-60;CFEP0272-P05;;;;;;1;/;
PLAST-60;CFEP0272;PLAST-60;CFEP0272-T01;;;;;;1;/;
PLAST-60;CFEP0272;PLAST-60;CFEP0272-T02;;;;;;1;/;
PLAST-60;CFEP0272;PLAST-60;CFEP0272-T03;;;;;;1;/;
PLAST-60;CFEP0272;PLAST-60;CFEP0272-T04;;;;;;1;/;
PLAST-60;CFEP0272;PLAST-60;CFEP0272-T05;;;;;;1;/;
PLAST-60;CFEP0272;PLAST-60;CFEP0272-T06;;;;;;1;/;
PLAST-60;CFEP0272;PLAST-60;CFEP0272-T07;;;;;;1;/;
PLAST-60;CFEP0272;PLAST-60;CFEP0272-T08;;;;;;1;/;
PLAST-60;CFEP0272;PLAST-60;CFEP0272-T09;;;;;;1;/;
PLAST-60;CFEP0272;PLAST-60;CFEP0272-T10;;;;;;1;/;
PLAST-60;CFEP0272-P01;PLAST-60;CLAB0253;;;;Non spécifié;;1;/;
PLAST-60;CFEP0272-P02;PLAST-60;CLAB0253;;;;Non spécifié;;1;/;
PLAST-60;CFEP0272-P03;PLAST-60;CLAB0253;;;;Non spécifié;;1;/;
PLAST-60;CFEP0272-P04;PLAST-60;CLAB0253;;;;Non spécifié;;1;/;
PLAST-60;CFEP0272-P05;PLAST-60;CLAB0253;;;;Non spécifié;;1;/;
PLAST-60;CFEP0275-E;PLAST-60;CLAB0292;;;;Non spécifié;;1;/;
PLAST-60;CFEP0276-D;PLAST-60;CLAB0292;;;;Non spécifié;;1;/;
PLAST-60;CFEP0277;PLAST-60;CLAB0068;;;;Non spécifié;;1;/;
PLAST-60;CFEP0277;PLAST-60;CLAB0078;;;;Non spécifié;;1;/;
PLAST-60;CFEP0278;PLAST-60;CLAB0068;;;;Non spécifié;;1;/;
PLAST-60;CFEP0278;PLAST-60;CLAB0078;;;;Non spécifié;;1;/;
PLAST-60;CFEP0279;PLAST-60;CLAB0253;;;;Non spécifié;;1;/;
PLAST-60;CFEP0282;PLAST-60;CLAB0152;;;;;;1;/;
PLAST-60;CFEP0282;PLAST-60;CLAB0501;;;;;;1;/;
PLAST-60;CFEP0283;PLAST-60;CLAB0452;;;;;;1;/;
PLAST-60;CFEP0283;PLAST-60;CLAB0501;;;;;;1;/;
PLAST-60;CFEP0284;PLAST-60;CLAB0452;;;;;;1;/;
PLAST-60;CFEP0284;PLAST-60;CLAB0501;;;;;;1;/;
PLAST-60;CFEP0285;PLAST-60;CLAB0452;;;;;;1;/;
PLAST-60;CFEP0285;PLAST-60;CLAB0501;;;;;;1;/;
PLAST-60;CFEP0286;PLAST-60;CLAB0452;;;;;;1;/;
PLAST-60;CFEP0286;PLAST-60;CLAB0501;;;;;;1;/;
PLAST-60;CFEP0287;PLAST-60;CLAB0152;;;;;;1;/;
PLAST-60;CFEP0287;PLAST-60;CLAB0501;;;;;;1;/;
PLAST-60;CFEP0288;PLAST-60;CLAB0152;;;;;;1;/;
PLAST-60;CFEP0288;PLAST-60;CLAB0501;;;;;;1;/;
PLAST-60;CFEP0289;PLAST-60;CLAB0152;;;;;;1;/;
PLAST-60;CFEP0289;PLAST-60;CLAB0501;;;;;;1;/;
PLAST-60;CFEP0290;PLAST-60;CLAB0452;;;;;;1;/;
PLAST-60;CFEP0290;PLAST-60;CLAB0501;;;;;;1;/;
PLAST-60;CFEP0291;PLAST-60;CLAB0452;;;;;;1;/;
PLAST-60;CFEP0291;PLAST-60;CLAB0501;;;;;;1;/;
PLAST-60;CFEP0292;PLAST-60;CLAB0452;;;;;;1;/;
PLAST-60;CFEP0292;PLAST-60;CLAB0501;;;;;;1;/;
PLAST-60;CFEP0293;PLAST-60;CLAB0452;;;;;;1;/;
PLAST-60;CFEP0293;PLAST-60;CLAB0501;;;;;;1;/;
PLAST-60;CFEP0294;PLAST-60;CLAB0452;;;;;;1;/;
PLAST-60;CFEP0294;PLAST-60;CLAB0501;;;;;;1;/;
PLAST-60;CFEP0295;PLAST-60;CLAB0452;;;;;;1;/;
PLAST-60;CFEP0295;PLAST-60;CLAB0501;;;;;;1;/;
PLAST-60;CFEP0296;PLAST-60;CLAB0452;;;;;;1;/;
PLAST-60;CFEP0296;PLAST-60;CLAB0501;;;;;;1;/;
PLAST-60;CFEP0302;PLAST-60;CLAB0452;;;;Non spécifié;;1;/;
PLAST-60;CFEP0302;PLAST-60;CLAB0501;;;;Non spécifié;;1;/;
PLAST-60;CFEP0303;PLAST-60;CLAB0145;;;;Non spécifié;;1;/;
PLAST-60;CFEP0303;PLAST-60;CLAB0283;;;;Non spécifié;;1;/;
PLAST-60;CFEP0304;PLAST-60;CLAB0145;;;;Non spécifié;;1;/;
PLAST-60;CFEP0304;PLAST-60;CLAB0283;;;;Non spécifié;;1;/;
PLAST-60;CFEP0305;PLAST-60;CLAB0145;;;;Non spécifié;;1;/;
PLAST-60;CFEP0305;PLAST-60;CLAB0283;;;;Non spécifié;;1;/;
PLAST-60;CFEP0309;PLAST-60;CLAB0251;;;;;;1;/;
PLAST-60;CFEP0309;PLAST-60;CLAB1019;;;;;;1;/;
PLAST-60;CFEP0310;PLAST-60;CLAB0251;;;;;;1;/;
PLAST-60;CFEP0310;PLAST-60;CLAB1019;;;;;;1;/;
PLAST-60;CFEP0311;PLAST-60;CLAB0251;;;;;;1;/;
PLAST-60;CFEP0311;PLAST-60;CLAB1019;;;;;;1;/;
PLAST-60;CIVC0017;PLAST-60;CIVC0017-1;;;;;;1;/;
PLAST-60;CIVC0035;PLAST-60;CIVC0036;;;;;;1;/;
PLAST-60;CIVC0127;PLAST-60;CLAB0242;;;;;;1;/;
PLAST-60;CLAB0015;/;EMI-014;0;/;Banc de test;Association;;1;/;
PLAST-60;CLAB0015;/;FEP-036;0;/;BANC DE TEST;Association;;1;/;
PLAST-60;CLAB0015;PLAST-60;CEMI0005;;;;Association;;1;/;
PLAST-60;CLAB0015;PLAST-60;CEMI0033;;;;Association;;1;/;
PLAST-60;CLAB0015;PLAST-60;CEMI0058;;;;Association;;1;/;
PLAST-60;CLAB0015;PLAST-60;CFEP0006;;;;Association;;1;/;
PLAST-60;CLAB0015;PLAST-60;CFEP0024;;;;Association;;1;/;
PLAST-60;CLAB0015;PLAST-60;CFEP0065;;;;Association;;1;/;
PLAST-60;CLAB0015;PLAST-60;CFEP0114;;;;Association;;1;/;
PLAST-60;CLAB0015;PLAST-60;CFEP0179;;;;Association;;1;/;
PLAST-60;CLAB0015;PLAST-60;CFEP0180;;;;Association;;1;/;
PLAST-60;CLAB0015;PLAST-60;CFEP0205;;;;Association;;1;/;
PLAST-60;CLAB0015;PLAST-60;CFEP0252;;;;Association;;1;/;
PLAST-60;CLAB0015;PLAST-60;CLAB0027;;;;Association;;1;/;
PLAST-60;CLAB0015;PLAST-60;CLAB0285;;;;Association;;1;/;
PLAST-60;CLAB0015;PLAST-60;CMAG0031;;;;Association;;1;/;
PLAST-60;CLAB0015;PLAST-60;CMAG0416;;;;Association;;1;/;
PLAST-60;CLAB0242;PLAST-60;CIVC0127;;;;Non spécifié;;1;/;
PLAST-60;CLAB0285;/;EMI-014;0;/;Banc de test;Association;;1;/;
PLAST-60;CLAB0285;/;FEP-036;0;/;BANC DE TEST;Association;;1;/;
PLAST-60;CLAB0285;PLAST-60;CEMI0005;;;;Association;;1;/;
PLAST-60;CLAB0285;PLAST-60;CEMI0033;;;;Association;;1;/;
PLAST-60;CLAB0285;PLAST-60;CEMI0058;;;;Association;;1;/;
PLAST-60;CLAB0285;PLAST-60;CFEP0006;;;;Association;;1;/;
PLAST-60;CLAB0285;PLAST-60;CFEP0024;;;;Association;;1;/;
PLAST-60;CLAB0285;PLAST-60;CFEP0065;;;;Association;;1;/;
PLAST-60;CLAB0285;PLAST-60;CFEP0114;;;;Association;;1;/;
PLAST-60;CLAB0285;PLAST-60;CFEP0179;;;;Association;;1;/;
PLAST-60;CLAB0285;PLAST-60;CFEP0180;;;;Association;;1;/;
PLAST-60;CLAB0285;PLAST-60;CFEP0205;;;;Association;;1;/;
PLAST-60;CLAB0285;PLAST-60;CFEP0252;;;;Association;;1;/;
PLAST-60;CLAB0285;PLAST-60;CLAB0015;;;;Association;;1;/;
PLAST-60;CLAB0285;PLAST-60;CLAB0027;;;;Association;;1;/;
PLAST-60;CLAB0285;PLAST-60;CMAG0031;;;;Association;;1;/;
PLAST-60;CLAB0285;PLAST-60;CMAG0416;;;;Association;;1;/;
PLAST-60;CLAB0444;PLAST-60;CCOM0020;;;;Non spécifié;;1;/;
PLAST-60;CLAB0444;PLAST-60;CCOM0021;;;;Non spécifié;;1;/;
PLAST-60;CLAB1022;PLAST-60;CEPE0080;;;;Non spécifié;;1;/;
PLAST-60;CLAB1022;PLAST-60;CFEP0143;;;;Non spécifié;;1;/;
PLAST-60;CLAB1022;PLAST-60;CFEP0160;;;;Non spécifié;;1;/;
PLAST-60;CLAB1022;PLAST-60;CFEP0161;;;;Non spécifié;;1;/;
PLAST-60;CLAB1022;PLAST-60;CFEP0264;;;;Non spécifié;;1;/;
PLAST-60;CLAB1022;PLAST-60;CFEP0269;;;;Non spécifié;;1;/;
PLAST-60;CLAB1023;PLAST-60;CCOM0020;;;;Non spécifié;;1;/;
PLAST-60;CLAB1023;PLAST-60;CCOM0021;;;;Non spécifié;;1;/;
PLAST-60;CLMA0019;PLAST-60;CLMA0003;;;;;;1;/;
PLAST-60;CLMA0019;PLAST-60;CLMA0004;;;;;;1;/;
PLAST-60;CLMA0019;PLAST-60;CLMA0053;;;;;;1;/;
PLAST-60;CMAG0019;PLAST-60;CLAB0068;;;;;;1;/;
PLAST-60;CMAG0019;PLAST-60;CLAB0078;;;;;;1;/;
PLAST-60;CMAG0213;PLAST-60;CLAB0062;;;;;;1;/;
PLAST-60;CMAG0213;PLAST-60;CLAB0171;;;;;;1;/;
PLAST-60;CMAG0214;PLAST-60;CLAB0062;;;;;;1;/;
PLAST-60;CMAG0214;PLAST-60;CLAB0171;;;;;;1;/;
PLAST-60;CMAG0215;PLAST-60;CLAB0062;;;;;;1;/;
PLAST-60;CMAG0215;PLAST-60;CLAB0171;;;;;;1;/;
PLAST-60;CMAG0242;PLAST-60;CLAB0068;;;;;;1;/;
PLAST-60;CMAG0242;PLAST-60;CLAB0147;;;;;;1;/;
PLAST-60;CMAG0278;PLAST-60;CLAB0150;;;;;;1;/;
PLAST-60;CMAG0278;PLAST-60;CLAB0163;;;;;;1;/;
PLAST-60;CMAG0411;PLAST-60;CLAB0341;;;;;;1;/;
PLAST-60;CMAG0431;PLAST-60;CLAB0051;;;;;;1;/;
PLAST-60;CMAG0462;PLAST-60;CLAB0050;;;;;;1;/;
PLAST-60;CMAG0629;PLAST-60;CMAG0629-1;;;;;;1;/;
PLAST-60;CMAG0629;PLAST-60;CMAG0629-2;;;;;;1;/;
PLAST-60;CMAG0629;PLAST-60;CMAG0629-3;;;;;;1;/;
PLAST-60;CMAG0631;PLAST-60;CMAG0631-01;;;;;;1;/;
PLAST-60;CMAG0631;PLAST-60;CMAG0631-02;;;;;;1;/;
PLAST-60;CMET0034;PLAST-60;CLAB0395;;;;;;1;/;
PLAST-60;CMET0043;PLAST-60;CMET0047;;;;;;1;/;
PLAST-60;CMET0048;PLAST-60;CMET0047;;;;;;1;/;
PLAST-60;CNVH0023;PLAST-60;CNVH0018;;;;;;1;/;
PLAST-60;CNVH0024;PLAST-60;CNVH0019;;;;;;1;/;
PLAST-60;CNVH0073;PLAST-60;CNVH0072;;;;;;1;/;
PLAST-60;CQUA0278;PLAST-60;CQUA0278-01;;;;;;1;/;
PLAST-60;CQUA0278;PLAST-60;CQUA0278-02;;;;;;1;/;
PLAST-60;CQUA0278;PLAST-60;CQUA0278-03;;;;;;1;/;
PLAST-60;CQUA0278;PLAST-60;CQUA0278-04;;;;;;1;/;
PLAST-60;CQUA0278;PLAST-60;CQUA0278-05;;;;;;1;/;
PLAST-60;CQUA0278;PLAST-60;CQUA0278-06;;;;;;1;/;
PLAST-60;CQUA0278;PLAST-60;CQUA0278-07;;;;;;1;/;
PLAST-60;CQUA0278;PLAST-60;CQUA0278-08;;;;;;1;/;
PLAST-60;CQUA0278;PLAST-60;CQUA0278-09;;;;;;1;/;
PLAST-60;CQUA0278;PLAST-60;CQUA0278-10;;;;;;1;/;
PLAST-60;CQUA0278;PLAST-60;CQUA0278-11;;;;;;1;/;
PLAST-60;CQUA0278;PLAST-60;CQUA0278-12;;;;;;1;/;
PLAST-60;CQUA0278;PLAST-60;CQUA0278-13;;;;;;1;/;
PLAST-60;CQUA0278;PLAST-60;CQUA0278-14;;;;;;1;/;
PLAST-60;CQUA0278;PLAST-60;CQUA0278-15;;;;;;1;/;
PLAST-60;CQUA0278;PLAST-60;CQUA0278-16;;;;;;1;/;
PLAST-60;CQUA0278;PLAST-60;CQUA0278-17;;;;;;1;/;
PLAST-60;CQUA0278;PLAST-60;CQUA0278-18;;;;;;1;/;
PLAST-60;CQUA0278;PLAST-60;CQUA0278-19;;;;;;1;/;
PLAST-60;CQUA0278;PLAST-60;CQUA0278-20;;;;;;1;/;
PLAST-60;CQUA0278-01;PLAST-60;CQUA0278;;;;;;1;/;
PLAST-60;CQUA0278-02;PLAST-60;CQUA0278;;;;Non spécifié;;1;/;
PLAST-60;CQUA0278-03;PLAST-60;CQUA0278;;;;Non spécifié;;1;/;
PLAST-60;CQUA0278-04;PLAST-60;CQUA0278;;;;Non spécifié;;1;/;
PLAST-60;CQUA0278-05;PLAST-60;CQUA0278;;;;Non spécifié;;1;/;
PLAST-60;CQUA0278-06;PLAST-60;CQUA0278;;;;Non spécifié;;1;/;
PLAST-60;CQUA0278-07;PLAST-60;CQUA0278;;;;Non spécifié;;1;/;
PLAST-60;CQUA0278-08;PLAST-60;CQUA0278;;;;Non spécifié;;1;/;
PLAST-60;CQUA0278-09;PLAST-60;CQUA0278;;;;Non spécifié;;1;/;
PLAST-60;CQUA0278-10;PLAST-60;CQUA0278;;;;Non spécifié;;1;/;
PLAST-60;CQUA0278-11;PLAST-60;CQUA0278;;;;Non spécifié;;1;/;
PLAST-60;CQUA0278-12;PLAST-60;CQUA0278;;;;Non spécifié;;1;/;
PLAST-60;CQUA0278-13;PLAST-60;CQUA0278;;;;Non spécifié;;1;/;
PLAST-60;CQUA0278-14;PLAST-60;CQUA0278;;;;Non spécifié;;1;/;
PLAST-60;CQUA0278-15;PLAST-60;CQUA0278;;;;Non spécifié;;1;/;
PLAST-60;CQUA0278-16;PLAST-60;CQUA0278;;;;Non spécifié;;1;/;
PLAST-60;CQUA0278-17;PLAST-60;CQUA0278;;;;Non spécifié;;1;/;
PLAST-60;CQUA0278-18;PLAST-60;CQUA0278;;;;Non spécifié;;1;/;
PLAST-60;CQUA0278-19;PLAST-60;CQUA0278;;;;Non spécifié;;1;/;
PLAST-60;CQUA0278-20;PLAST-60;CQUA0278;;;;Non spécifié;;1;/;
PLAST-60;CSCR0166;PLAST-60;CLAB0067;;;;;;1;/;
PLAST-60;CSCR0166;PLAST-60;CLAB0415;;;;;;1;/;
PLAST-60;CSCR0207;/;CLAB0273;0;/;Carte d'acquisition;;;1;/;
PLAST-60;CSCR0218;PLAST-60;CLAB0229;;;;;;1;/;
PLAST-60;CSCR0218;PLAST-60;CLAB0391;;;;;;1;/;
PLAST-60;CSCR0311;PLAST-60;CLAB0069;;;;;;1;/;
PLAST-60;CSCR0311;PLAST-60;CLAB0103;;;;;;1;/;
PLAST-60;CSCR0437;PLAST-60;CLAB0046;;;;;;1;/;
PLAST-60;CSCR0439;PLAST-60;CASS0159;;;;;;1;/;
PLAST-60;CSCR0439;PLAST-60;CASS0161;;;;;;1;/;
PLAST-60;CSCR0589;PLAST-60;CLAB0060;;;;;;1;/;
PLAST-60;CSCR0589;PLAST-60;CLAB0261;;;;;;1;/;
PLAST-60;CSCR0590;PLAST-60;CLAB0060;;;;Non spécifié;;1;/;
PLAST-60;CSCR0590;PLAST-60;CLAB0261;;;;Non spécifié;;1;/;
PLAST-60;CSCR0591;PLAST-60;CLAB0060;;;;;;1;/;
PLAST-60;CSCR0591;PLAST-60;CLAB0261;;;;;;1;/;
PLAST-60;CSCR0593;PLAST-60;CLAB0211;;;;;;1;/;
PLAST-60;CSCR0593;PLAST-60;CLAB0220;;;;;;1;/;
PLAST-60;CSCR0594;PLAST-60;CLAB0060;;;;;;1;/;
PLAST-60;CSCR0594;PLAST-60;CLAB0261;;;;;;1;/;
PLAST-60;CSCR0595;PLAST-60;CLAB0060;;;;;;1;/;
PLAST-60;CSCR0595;PLAST-60;CLAB0261;;;;;;1;/;
PLAST-60;CSCR0596;PLAST-60;CLAB0060;;;;;;1;/;
PLAST-60;CSCR0596;PLAST-60;CLAB0177;;;;;;1;/;
PLAST-60;CSCR0597;PLAST-60;CLAB0082;;;;;;1;/;
PLAST-60;CSCR0597;PLAST-60;CLAB0221;;;;;;1;/;
PLAST-60;CSCR0598;PLAST-60;CLAB0082;;;;;;1;/;
PLAST-60;CSCR0598;PLAST-60;CLAB0211;;;;;;1;/;
PLAST-60;CSCR0601;PLAST-60;CLAB0060;;;;;;1;/;
PLAST-60;CSCR0601;PLAST-60;CLAB0177;;;;;;1;/;
PLAST-60;CSCR0603;PLAST-60;CLAB0060;;;;;;1;/;
PLAST-60;CSCR0603;PLAST-60;CLAB0177;;;;;;1;/;
PLAST-60;CSCR0614;PLAST-60;CLAB0356;;;;;;1;/;
PLAST-60;CSCR0614;PLAST-60;CLAB0381;;;;;;1;/;
PLAST-60;CSCR0616;PLAST-60;CLAB0356;;;;;;1;/;
PLAST-60;CSCR0616;PLAST-60;CLAB0381;;;;;;1;/;
PLAST-60;CSCR0617;PLAST-60;CLAB0352;;;;;;1;/;
PLAST-60;CSCR0617;PLAST-60;CLAB0381;;;;;;1;/;
PLAST-60;CSCR0618;/;/;0;/;;;;1;/;
PLAST-60;CSCR0622;PLAST-60;CLAB0352;;;;;;1;/;
PLAST-60;CSCR0622;PLAST-60;CLAB0381;;;;;;1;/;
PLAST-60;CSCR0623;PLAST-60;CLAB0352;;;;;;1;/;
PLAST-60;CSCR0623;PLAST-60;CLAB0381;;;;;;1;/;
PLAST-60;CSCR0624;PLAST-60;CLAB0352;;;;;;1;/;
PLAST-60;CSCR0624;PLAST-60;CLAB0381;;;;;;1;/;
PLAST-60;CSCR0625;PLAST-60;CLAB0001;;;;;;1;/;
PLAST-60;CSCR0626;PLAST-60;CLAB0352;;;;;;1;/;
PLAST-60;CSCR0626;PLAST-60;CLAB0381;;;;;;1;/;
PLAST-60;CSCR0627;PLAST-60;CLAB0195;;;;;;1;/;
PLAST-60;CSCR0627;PLAST-60;CLAB0352;;;;;;1;/;
PLAST-60;CSCR0628;PLAST-60;CLAB0195;;;;;;1;/;
PLAST-60;CSCR0628;PLAST-60;CLAB0352;;;;;;1;/;
PLAST-60;CSCR0629;PLAST-60;CLAB0195;;;;;;1;/;
PLAST-60;CSCR0629;PLAST-60;CLAB0352;;;;;;1;/;
PLAST-60;CSCR0630;PLAST-60;CLAB0195;;;;;;1;/;
PLAST-60;CSCR0630;PLAST-60;CLAB0352;;;;;;1;/;
PLAST-60;CSCR0631;PLAST-60;CLAB0195;;;;;;1;/;
PLAST-60;CSCR0631;PLAST-60;CLAB0352;;;;;;1;/;
PLAST-60;CSCR0632;PLAST-60;CLAB0195;;;;;;1;/;
PLAST-60;CSCR0632;PLAST-60;CLAB0352;;;;;;1;/;
PLAST-60;CSCR0633;PLAST-60;CLAB0195;;;;;;1;/;
PLAST-60;CSCR0633;PLAST-60;CLAB0352;;;;;;1;/;
PLAST-60;CSCR0634;PLAST-60;CLAB0195;;;;;;1;/;
PLAST-60;CSCR0634;PLAST-60;CLAB0352;;;;;;1;/;
PLAST-60;CSCR0642;PLAST-60;CLAB0438;;;;;;1;/;
PLAST-60;CSCR0681;/;/;0;/;;Non spécifié;;1;/;
PLAST-60;CSCR0682;/;/;0;/;;Non spécifié;;1;/;
PLAST-60;CSCR0683;/;/;0;/;;Non spécifié;;1;/;
PLAST-60;CSCR0684;/;/;0;/;;Non spécifié;;1;/;
PLAST-60;CSCR0685;/;/;0;/;;Non spécifié;;1;/;
PLAST-60;CSCR0686;/;/;0;/;;Non spécifié;;1;/;
PLAST-60;CSCR0687;/;/;0;/;;Non spécifié;;1;/;
PLAST-60;CSCR0688;/;/;0;/;;Non spécifié;;1;/;
PLAST-60;CSCR0689;/;/;0;/;;Non spécifié;;1;/;
PLAST-60;CSCR0690;/;/;0;/;;Non spécifié;;1;/;
PLAST-60;CSCR0691;/;/;0;/;;Non spécifié;;1;/;
PLAST-60;CSCR0692;/;/;0;/;;Non spécifié;;1;/;
PLAST-60;CSCR0693;/;/;0;/;;Non spécifié;;1;/;
PLAST-60;CSCR0694;/;/;0;/;;Non spécifié;;1;/;
PLAST-60;CSCR0695;/;/;0;/;;Non spécifié;;1;/;
PLAST-60;CSCR0696;/;/;0;/;;Non spécifié;;1;/;
PLAST-60;CSCR0697;/;/;0;/;;Non spécifié;;1;/;
PLAST-60;CSCR0698;/;/;0;/;;Non spécifié;;1;/;
PLAST-60;CSCR0699;/;/;0;/;;Non spécifié;;1;/;
PLAST-60;CSCR0700;/;/;0;/;;Non spécifié;;1;/;
PLAST-60;CSCR0701;/;/;0;/;;Non spécifié;;1;/;
PLAST-60;CSCR0702;/;/;0;/;;Non spécifié;;1;/;
PLAST-60;CSCR0703;/;/;0;/;;Non spécifié;;1;/;
PLAST-60;CSCR0704;/;/;0;/;;Non spécifié;;1;/;
PLAST-60;CSCR0705;/;/;0;/;;Non spécifié;;1;/;
PLAST-60;CSCR0706;/;/;0;/;;Non spécifié;;1;/;
PLAST-60;CSCR0707;/;/;0;/;;Non spécifié;;1;/;
PLAST-60;CSCR0708;/;/;0;/;;Non spécifié;;1;/;
PLAST-60;CSCR0709;/;/;0;/;;Non spécifié;;1;/;
PLAST-60;CSCR0710;/;/;0;/;;Non spécifié;;1;/;
PLAST-60;CSCR0711;/;/;0;/;;Non spécifié;;1;/;
PLAST-60;CSCR0712;/;/;0;/;;Non spécifié;;1;/;
PLAST-60;CSCR0713;/;/;0;/;;Non spécifié;;1;/;
PLAST-60;CSCR0714;/;/;0;/;;Non spécifié;;1;/;
PLAST-60;CSCR0715;/;/;0;/;;Non spécifié;;1;/;
PLAST-60;CSCR0716;/;/;0;/;;Non spécifié;;1;/;
PLAST-60;CSCR0717;/;/;0;/;;Non spécifié;;1;/;
PLAST-60;CSCR0718;/;/;0;/;;Non spécifié;;1;/;
PLAST-60;CSCR0720;/;/;0;/;;Non spécifié;;1;/;
PLAST-60;CSCR0721;/;/;0;/;;Non spécifié;;1;/;
PLAST-60;CSCR0722;/;/;0;/;;Non spécifié;;1;/;
PLAST-60;CSCR0723;/;/;0;/;;Non spécifié;;1;/;
PLAST-60;CSCR0724;/;/;0;/;;Non spécifié;;1;/;
PLAST-60;CSCR0854;/;/;0;/;;Non spécifié;;1;/;
PLAST-60;CSCR0904;PLAST-60;CLAB0105;;;;;;1;/;
PLAST-60;CSCR0904;PLAST-60;CLAB0229;;;;;;1;/;
PLAST-60;CSCR0918;PLAST-60;CLAB0067;;;;;;1;/;
PLAST-60;CSCR0918;PLAST-60;CLAB0173;;;;;;1;/;
PLAST-60;CSCR0919;PLAST-60;CLAB0067;;;;Non spécifié;;1;/;
PLAST-60;CSCR0919;PLAST-60;CLAB0208;;;;Non spécifié;;1;/;
PLAST-60;CSCR0920;PLAST-60;CLAB0067;;;;Non spécifié;;1;/;
PLAST-60;CSCR0920;PLAST-60;CLAB0208;;;;Non spécifié;;1;/;
PLAST-60;CSCR0921;PLAST-60;CLAB0067;;;;Non spécifié;;1;/;
PLAST-60;CSCR0921;PLAST-60;CLAB0208;;;;Non spécifié;;1;/;
PLAST-60;CSCR0922;PLAST-60;CLAB0067;;;;Non spécifié;;1;/;
PLAST-60;CSCR0922;PLAST-60;CLAB0208;;;;Non spécifié;;1;/;
PLAST-60;CSCR0923;PLAST-60;CLAB0067;;;;Non spécifié;;1;/;
PLAST-60;CSCR0923;PLAST-60;CLAB0208;;;;Non spécifié;;1;/;
PLAST-60;CSCR0924;PLAST-60;CLAB0067;;;;Non spécifié;;1;/;
PLAST-60;CSCR0924;PLAST-60;CLAB0208;;;;Non spécifié;;1;/;
PLAST-60;CSCR0925;PLAST-60;CLAB0067;;;;Non spécifié;;1;/;
PLAST-60;CSCR0925;PLAST-60;CLAB0208;;;;Non spécifié;;1;/;
PLAST-60;CSCR0926;PLAST-60;CLAB0067;;;;Non spécifié;;1;/;
PLAST-60;CSCR0926;PLAST-60;CLAB0208;;;;Non spécifié;;1;/;
PLAST-60;CSCR0927;PLAST-60;CLAB0067;;;;Non spécifié;;1;/;
PLAST-60;CSCR0927;PLAST-60;CLAB0208;;;;Non spécifié;;1;/;
PLAST-60;CSCR0928;PLAST-60;CLAB0067;;;;Non spécifié;;1;/;
PLAST-60;CSCR0928;PLAST-60;CLAB0208;;;;Non spécifié;;1;/;
PLAST-60;CSCR0929;PLAST-60;CLAB0067;;;;Non spécifié;;1;/;
PLAST-60;CSCR0929;PLAST-60;CLAB0208;;;;Non spécifié;;1;/;
PLAST-60;CSCR0931;PLAST-60;CLAB0107;;;;Non spécifié;;1;/;
PLAST-60;CSCR0931;PLAST-60;CLAB0185;;;;Non spécifié;;1;/;
PLAST-60;CSCR0932;PLAST-60;CLAB0185;;;;Non spécifié;;1;/;
PLAST-60;CSCR0932;PLAST-60;CLAB0219;;;;Non spécifié;;1;/;
PLAST-60;CSCR0933;PLAST-60;CLAB0065;;;;Non spécifié;;1;/;
PLAST-60;CSCR0933;PLAST-60;CLAB0230;;;;Non spécifié;;1;/;
PLAST-60;CSCR0934;PLAST-60;CLAB0065;;;;Non spécifié;;1;/;
PLAST-60;CSCR0934;PLAST-60;CLAB0177;;;;Non spécifié;;1;/;
PLAST-60;CSCR0935;PLAST-60;CLAB0087;;;;Non spécifié;;1;/;
PLAST-60;CSCR0935;PLAST-60;CLAB0417;;;;Non spécifié;;1;/;
PLAST-60;CSCR0936;PLAST-60;CLAB0201;;;;Non spécifié;;1;/;
PLAST-60;CSCR0936;PLAST-60;CLAB0417;;;;Non spécifié;;1;/;
PLAST-60;CSCR0937;PLAST-60;CLAB0081;;;;Non spécifié;;1;/;
PLAST-60;CSCR0937;PLAST-60;CLAB0180;;;;Non spécifié;;1;/;
PLAST-60;CSCR0938;PLAST-60;CLAB0201;;;;Non spécifié;;1;/;
PLAST-60;CSCR0938;PLAST-60;CLAB0417;;;;Non spécifié;;1;/;
PLAST-60;CSCR0942;PLAST-60;CLAB0067;;;;Non spécifié;;1;/;
PLAST-60;CSCR0942;PLAST-60;CLAB0208;;;;Non spécifié;;1;/;
PLAST-60;CSCR0947;PLAST-60;CSCR0970;;;;;;1;/;
PLAST-60;CSCR0947;PLAST-60;CSCR0972;;;;;;1;/;
PLAST-60;CSCR0948;PLAST-60;CSCR0970;;;;;;1;/;
PLAST-60;CSCR0948;PLAST-60;CSCR0972;;;;;;1;/;
PLAST-60;CSCR0949;PLAST-60;CSCR0970;;;;;;1;/;
PLAST-60;CSCR0949;PLAST-60;CSCR0971;;;;;;1;/;
PLAST-60;CSCR0950;PLAST-60;CSCR0970;;;;;;1;/;
PLAST-60;CSCR0950;PLAST-60;CSCR0971;;;;;;1;/;
PLAST-60;CSCR0951;PLAST-60;CSCR0970;;;;;;1;/;
PLAST-60;CSCR0951;PLAST-60;CSCR0971;;;;;;1;/;
PLAST-60;CSCR0963;PLAST-60;CLAB0342;;;;Non spécifié;;1;/;
PLAST-60;CSCR0963;PLAST-60;CLAB0431;;;;Non spécifié;;1;/;
PLAST-60;CSCR0964;PLAST-60;CLAB0156;;;;Non spécifié;;1;/;
PLAST-60;CSCR0964;PLAST-60;CLAB0431;;;;Non spécifié;;1;/;
PLAST-60;CSCR0976;PLAST-60;CLAB0194;;;;;;1;/;
PLAST-60;CSCR0976;PLAST-60;CLAB0213;;;;;;1;/;
PLAST-60;CSCR0977;PLAST-60;CLAB0194;;;;;;1;/;
PLAST-60;CSCR0977;PLAST-60;CLAB0196;;;;;;1;/;
PLAST-60;CSCR0978;PLAST-60;CLAB0194;;;;Non spécifié;;1;/;
PLAST-60;CSCR0978;PLAST-60;CLAB0196;;;;Non spécifié;;1;/;
PLAST-60;CSCR0979;PLAST-60;CLAB0194;;;;Non spécifié;;1;/;
PLAST-60;CSCR0979;PLAST-60;CLAB0196;;;;Non spécifié;;1;/;
PLAST-60;CSCR0980;PLAST-60;CLAB0194;;;;Non spécifié;;1;/;
PLAST-60;CSCR0980;PLAST-60;CLAB0196;;;;Non spécifié;;1;/;
PLAST-60;CSCR0981;PLAST-60;CLAB0194;;;;Non spécifié;;1;/;
PLAST-60;CSCR0981;PLAST-60;CLAB0196;;;;Non spécifié;;1;/;
PLAST-60;CSCR0982;PLAST-60;CLAB0194;;;;Non spécifié;;1;/;
PLAST-60;CSCR0982;PLAST-60;CLAB0196;;;;Non spécifié;;1;/;
PLAST-60;CSCR0990;PLAST-60;CSCR0992;;;;Non spécifié;;1;/;
PLAST-60;CSCR0990;PLAST-60;CSCR0994;;;;Non spécifié;;1;/;
PLAST-60;CSCR0991;PLAST-60;CSCR0992;;;;Non spécifié;;1;/;
PLAST-60;CSCR0991;PLAST-60;CSCR0994;;;;Non spécifié;;1;/;
PLAST-60;CSCR0997;PLAST-60;CSCR0992;;;;Non spécifié;;1;/;
PLAST-60;CSCR0997;PLAST-60;CSCR0993;;;;Non spécifié;;1;/;
PLAST-60;CSCR0998;PLAST-60;CSCR0992;;;;Non spécifié;;1;/;
PLAST-60;CSCR0998;PLAST-60;CSCR0993;;;;Non spécifié;;1;/;
PLAST-60;CSCR0999;PLAST-60;CLAB0411;;;;Non spécifié;;1;/;
PLAST-60;CSCR0999;PLAST-60;CLAB0502;;;;Non spécifié;;1;/;
PLAST-60;CSCR1000;PLAST-60;CLAB0261;;;;Non spécifié;;1;/;
PLAST-60;CSCR1000;PLAST-60;CLAB0502;;;;Non spécifié;;1;/;
PLAST-60;CSCR1014;PLAST-60;CSCR1014-01;;;;;;1;/;
PLAST-60;CSCR1014;PLAST-60;CSCR1014-02;;;;;;1;/;
PLAST-60;CSCR1014;PLAST-60;CSCR1014-03;;;;;;1;/;
PLAST-60;CSCR1014;PLAST-60;CSCR1014-04;;;;;;1;/;
PLAST-60;CSCR1014;PLAST-60;CSCR1014-05;;;;;;1;/;
PLAST-60;CSCR1014;PLAST-60;CSCR1014-06;;;;;;1;/;
PLAST-60;CSCR1016;PLAST-60;CLAB0092;;;;;;1;/;
PLAST-60;CSCR1016;PLAST-60;CLAB0234;;;;;;1;/;
PLAST-60;CSCR1017;PLAST-60;CLAB0188;;;;Non spécifié;;1;/;
PLAST-60;CSCR1017;PLAST-60;CLAB0234;;;;Non spécifié;;1;/;
PLAST-60;CSCR1026;PLAST-60;CLAB0522;;;;;;1;/;
PLAST-60;CSCR1026;PLAST-60;CLAB0529;;;;;;1;/;
PLAST-60;CSCR1059;PLAST-60;CLAB0522;;;;Non spécifié;;1;/;
PLAST-60;CSCR1059;PLAST-60;CLAB0524;;;;;;1;/;
PLAST-60;CSCR1060;PLAST-60;CLAB0522;;;;Non spécifié;;1;/;
PLAST-60;CSCR1060;PLAST-60;CLAB0525;;;;Non spécifié;;1;/;
PLAST-60;CSCR1062;PLAST-60;CLAB0155;;;;Non spécifié;;1;/;
PLAST-60;CSCR1062;PLAST-60;CLAB0432;;;;Non spécifié;;1;/;
PLAST-60;CSCR1063;PLAST-60;CLAB0155;;;;Non spécifié;;1;/;
PLAST-60;CSCR1063;PLAST-60;CLAB0348;;;;Non spécifié;;1;/;
